[
	{"departements":
	[
		{
		  "nom": "Ain",
		  "statistiques":[
			[34,22.7,7.8,28,8,15.3,36.7,25.1,43,10,22.7,43,50.9],
			[0.2,0.35,1,0.3,0.5,0.6,0.8,1, 0.9,0.25, 0.3,0.5]
		]
		},
		{
		  "nom": "Aisne",
		  "statistiques":[
			[34,22.7,7.8,28,8,15.3,36.7,25.1,43,10,22.7,43,50.9],
			[0.2,0.35,1,0.3,0.5,0.6,0.8,1, 0.9,0.25, 0.3,0.5]
		]
		},
		{
		  "nom": "Allier",
		  "statistiques":[
			[34,22.7,7.8,28,8,15.3,36.7,25.1,43,10,22.7,43,50.9],
			[0.2,0.35,1,0.3,0.5,0.6,0.8,1, 0.9,0.25, 0.3,0.5]
		]
		},
		{
		  "nom": "Alpes-de-Haute-Provence",
		  "statistiques":[
			[34,22.7,7.8,28,8,15.3,36.7,25.1,43,10,22.7,43,50.9],
			[0.2,0.35,1,0.3,0.5,0.6,0.8,1,0.9,0.25, 0.3,0.5]
		]
		},
		{
		  "nom": "Hautes-Alpes",
		  "statistiques":[
			[34,22.7,7.8,28,8,15.3,36.7,25.1,43,10,22.7,43,50.9],
			[0.2,0.35,1,0.3,0.5,0.6,0.8,1, 0.9,0.25, 0.3,0.5]
		]
		},
		{
		  "nom": "Alpes-Maritimes",
		  "statistiques":[
			[34,22.7,7.8,28,8,15.3,36.7,25.1,43,10,22.7,43,50.9],
			[0.2,0.35,1,0.3,0.5,0.6,0.8,1, 0.9,0.25, 0.3,0.5]
		]
		},
		{
		  "nom": "Ardèche",
		  "statistiques":[
			[0,1,2,3,5,6,7,8,9,10,11],
			[0.2,0.35,1,0.3,0.5,0.6,0.8,1, 0.9,0.25, 0.3,0.5]
		]
		},
		{
		  "nom": "Ardennes",
		  "statistiques":[
			[34,22.7,7.8,28,8,15.3,36.7,25.1,43,10,22.7,43,50.9],
			[0.2,0.35,1,0.3,0.5,0.6,0.8,1, 0.9,0.25, 0.3,0.5]
		]
		},
		{
		  "nom": "Ariège",
		  "statistiques":[
			[34,22.7,7.8,28,8,15.3,36.7,25.1,43,10,22.7,43,50.9],
			[0.2,0.35,1,0.3,0.5,0.6,0.8,1, 0.9,0.25, 0.3,0.5]
		]
		},
		{
		  "nom": "Aube",
		  "statistiques":[
			[34,22.7,7.8,28,8,15.3,36.7,25.1,43,10,22.7,43,50.9],
			[0.2,0.35,1,0.3,0.5,0.6,0.8,1, 0.9,0.25, 0.3,0.5]
		]
		},
		{
		  "nom": "Aude",
		  "statistiques":[
			[34,22.7,7.8,28,8,15.3,36.7,25.1,43,10,22.7,43,50.9],
			[0.2,0.35,1,0.3,0.5,0.6,0.8,1, 0.9,0.25, 0.3,0.5]
		]
		},
		{
		  "nom": "Aveyron",
		  "statistiques":[
			[34,22.7,7.8,28,8,15.3,36.7,25.1,43,10,22.7,43,50.9],
			[0.2,0.35,1,0.3,0.5,0.6,0.8,1, 0.9,0.25, 0.3,0.5]
		]
		},
		{
		  "nom": "Bouches-du-Rhône",
		  "statistique":[
			[34,22.7,7.8,28,8,15.3,36.7,25.1,43,10,22.7,43,50.9],
			[0.2,0.35,1,0.3,0.5,0.6,0.8,1, 0.9,0.25, 0.3,0.5]
		]
		},
		{
		  "nom": "Calvados",
		  "statistique":[
			[34,22.7,7.8,28,8,15.3,36.7,25.1,43,10,22.7,43,50.9],
			[0.2,0.35,1,0.3,0.5,0.6,0.8,1, 0.9,0.25, 0.3,0.5]
		]
		},
		{
		  "nom": "Cantal",
		  "statistique":[
			[34,22.7,7.8,28,8,15.3,36.7,25.1,43,10,22.7,43,50.9],
			[0.2,0.35,1,0.3,0.5,0.6,0.8,1, 0.9,0.25, 0.3,0.5]
		]
		},
		{
		  "nom": "Charente",
		  "statistiques":[
			[34,22.7,7.8,28,8,15.3,36.7,25.1,43,10,22.7,43,50.9],
			[0.2,0.35,1,0.3,0.5,0.6,0.8,1, 0.9,0.25, 0.3,0.5]
		]
		},
		{
		  "nom": "Charente-Maritime",
		  "statistiques":[
			[34,22.7,7.8,28,8,15.3,36.7,25.1,43,10,22.7,43,50.9],
			[0.2,0.35,1,0.3,0.5,0.6,0.8,1, 0.9,0.25, 0.3,0.5]
		]
		},
		{
		  "nom": "Cher",
		  "statistiques":[
			[5,0.3,0.9,0.2,0.4,0.7,1,0.2,0.1,0.3,0.4,0.5],
			[5,0.35,1,0.3,0.5,0.6,0.8,1, 0.9,0.25, 0.3,0.5]
		]
		},
		{
		  "nom": "Corrèze",
		  "statistiques":[
			[34,22.7,7.8,28,8,15.3,36.7,25.1,43,10,22.7,43,50.9],
			[0.2,0.35,1,0.3,0.5,0.6,0.8,1, 0.9,0.25, 0.3,0.5]
		]
		},
		{
		  "nom": "Côte-d'Or",
		  "statistiques":[
			[34,22.7,7.8,28,8,15.3,36.7,25.1,43,10,22.7,43,50.9],
			[0.2,0.35,1,0.3,0.5,0.6,0.8,1, 0.9,0.25, 0.3,0.5]
		]
		},
		{
		  "nom": "Côtes-d'Armor",
		  "statistiques":[
			[34,22.7,7.8,28,8,15.3,36.7,25.1,43,10,22.7,43,50.9],
			[0.2,0.35,1,0.3,0.5,0.6,0.8,1, 0.9,0.25, 0.3,0.5]
		]
		},
		{
		  "nom": "Creuse",
		  "statistiques":[
			[34,22.7,7.8,28,8,15.3,36.7,25.1,43,10,22.7,43,50.9],
			[0.2,0.35,1,0.3,0.5,0.6,0.8,1, 0.9,0.25, 0.3,0.5]
		]
		},
		{
		  "nom": "Dordogne",
		  "statistiques":[
			[34,22.7,7.8,28,8,15.3,36.7,25.1,43,10,22.7,43,50.9],
			[0.2,0.35,1,0.3,0.5,0.6,0.8,1, 0.9,0.25, 0.3,0.5]
		]
		},
		{
		  "nom": "Doubs",
		  "statistiques":[
			[34,22.7,7.8,28,8,15.3,36.7,25.1,43,10,22.7,43,50.9],
			[0.2,0.35,1,0.3,0.5,0.6,0.8,1, 0.9,0.25, 0.3,0.5]
		]
		},
		{
		  "nom": "Drôme",
		  "statistiques":[
			[34,22.7,7.8,28,8,15.3,36.7,25.1,43,10,22.7,43,50.9],
			[0.2,0.35,1,0.3,0.5,0.6,0.8,1, 0.9,0.25, 0.3,0.5]
		]
		},
		{
		  "nom": "Eure",
		  "statistiques":[
			[34,22.7,7.8,28,8,15.3,36.7,25.1,43,10,22.7,43,50.9],
			[0.2,0.35,1,0.3,0.5,0.6,0.8,1, 0.9,0.25, 0.3,0.5]
		]
		},
		{
		  "nom": "Eure-et-Loir",
		  "statistiques":[
			[34,22.7,7.8,28,8,15.3,36.7,25.1,43,10,22.7,43,50.9],
			[0.2,0.35,1,0.3,0.5,0.6,0.8,1, 0.9,0.25, 0.3,0.5]
		]
		},
		{
		  "nom": "Finistère",
		  "statistiques":[
			[34,22.7,7.8,28,8,15.3,36.7,25.1,43,10,22.7,43,50.9],
			[0.2,0.35,1,0.3,0.5,0.6,0.8,1, 0.9,0.25, 0.3,0.5]
		]
		},
		{
		  "nom": "Corse-du-Sud",
		  "statistiques":[
			[34,22.7,7.8,28,8,15.3,36.7,25.1,43,10,22.7,43,50.9],
			[0.2,0.35,1,0.3,0.5,0.6,0.8,1, 0.9,0.25, 0.3,0.5]
		]
		},
		{
		  "nom": "Haute-Corse",
		  "statistiques":[
			[34,22.7,7.8,28,8,15.3,36.7,25.1,43,10,22.7,43,50.9],
			[0.2,0.35,1,0.3,0.5,0.6,0.8,1, 0.9,0.25, 0.3,0.5]
		]
		},
		{
		  "nom": "Gard",
		  "statistiques":[
			[34,22.7,7.8,28,8,15.3,36.7,25.1,43,10,22.7,43,50.9],
			[0.2,0.35,1,0.3,0.5,0.6,0.8,1, 0.9,0.25, 0.3,0.5]
		]
		},
		{
		  "nom": "Haute-Garonne",
		  "statistiques":[
			[34,22.7,7.8,28,8,15.3,36.7,25.1,43,10,22.7,43,50.9],
			[0.2,0.35,1,0.3,0.5,0.6,0.8,1, 0.9,0.25, 0.3,0.5]
		]
		},
		{
		  "nom": "Gers",
		  "statistiques":[
			[34,22.7,7.8,28,8,15.3,36.7,25.1,43,10,22.7,43,50.9],
			[0.2,0.35,1,0.3,0.5,0.6,0.8,1, 0.9,0.25, 0.3,0.5]
		]
		},
		{
		  "nom": "Gironde",
		  "statistiques":[
			[34,22.7,7.8,28,8,15.3,36.7,25.1,43,10,22.7,43,50.9],
			[0.2,0.35,1,0.3,0.5,0.6,0.8,1, 0.9,0.25, 0.3,0.5]
		]
		},
		{
		  "nom": "Hérault",
		  "statistiques":[
			[34,22.7,7.8,28,8,15.3,36.7,25.1,43,10,22.7,43,50.9],
			[0.2,0.35,1,0.3,0.5,0.6,0.8,1, 0.9,0.25, 0.3,0.5]
		]
		},
		{
		  "nom": "Ille-et-Vilaine",
		  "statistiques":[
			[34,22.7,7.8,28,8,15.3,36.7,25.1,43,10,22.7,43,50.9],
			[0.2,0.35,1,0.3,0.5,0.6,0.8,1, 0.9,0.25, 0.3,0.5]
		]
		},
		{
		  "nom": "Indre",
		  "statistiques":[
			[34,22.7,7.8,28,8,15.3,36.7,25.1,43,10,22.7,43,50.9],
			[0.2,0.35,1,0.3,0.5,0.6,0.8,1, 0.9,0.25, 0.3,0.5]
		]
		},
		{
		  "nom": "Indre-et-Loire",
		  "statistiques":[
			[34,22.7,7.8,28,8,15.3,36.7,25.1,43,10,22.7,43,50.9],
			[0.2,0.35,1,0.3,0.5,0.6,0.8,1, 0.9,0.25, 0.3,0.5]
		]
		},
		{
		  "nom": "Isère",
		  "statistiques":[
			[34,22.7,7.8,28,8,15.3,36.7,25.1,43,10,22.7,43,50.9],
			[0.2,0.35,1,0.3,0.5,0.6,0.8,1, 0.9,0.25, 0.3,0.5]
		]
		},
		{
		  "nom": "Jura",
		  "statistiques":[
			[34,22.7,7.8,28,8,15.3,36.7,25.1,43,10,22.7,43,50.9],
			[0.2,0.35,1,0.3,0.5,0.6,0.8,1, 0.9,0.25, 0.3,0.5]
		]
		},
		{
		  "nom": "Landes",
		  "statistiques":[
			[34,22.7,7.8,28,8,15.3,36.7,25.1,43,10,22.7,43,50.9],
			[0.2,0.35,1,0.3,0.5,0.6,0.8,1, 0.9,0.25, 0.3,0.5]
		]
		},
		{
		  "nom": "Loir-et-Cher",
		  "statistiques":[
			[34,22.7,7.8,28,8,15.3,36.7,25.1,43,10,22.7,43,50.9],
			[0.2,0.35,1,0.3,0.5,0.6,0.8,1, 0.9,0.25, 0.3,0.5]
		]
		},
		{
		  "nom": "Loire",
		  "statistiques":[
			[34,22.7,7.8,28,8,15.3,36.7,25.1,43,10,22.7,43,50.9],
			[0.2,0.35,1,0.3,0.5,0.6,0.8,1, 0.9,0.25, 0.3,0.5]
		]
		},
		{
		  "nom": "Haute-Loire",
		  "statistiques":[
			[34,22.7,7.8,28,8,15.3,36.7,25.1,43,10,22.7,43,50.9],
			[0.2,0.35,1,0.3,0.5,0.6,0.8,1, 0.9,0.25, 0.3,0.5]
		]
		},
		{
		  "nom": "Loire-Atlantique",
		  "statistiques":[
			[34,22.7,7.8,28,8,15.3,36.7,25.1,43,10,22.7,43,50.9],
			[0.2,0.35,1,0.3,0.5,0.6,0.8,1, 0.9,0.25, 0.3,0.5]
		]
		},
		{
		  "nom": "Loiret",
		  "statistiques":[
			[34,22.7,7.8,28,8,15.3,36.7,25.1,43,10,22.7,43,50.9],
			[0.2,0.35,1,0.3,0.5,0.6,0.8,1, 0.9,0.25, 0.3,0.5]
		]
		},
		{
		  "nom": "Lot",
		  "statistiques":[
			[34,22.7,7.8,28,8,15.3,36.7,25.1,43,10,22.7,43,50.9],
			[0.2,0.35,1,0.3,0.5,0.6,0.8,1, 0.9,0.25, 0.3,0.5]
		]
		},
		{
		  "nom": "Lot-et-Garonne",
		  "statistiques":[
			[34,22.7,7.8,28,8,15.3,36.7,25.1,43,10,22.7,43,50.9],
			[0.2,0.35,1,0.3,0.5,0.6,0.8,1, 0.9,0.25, 0.3,0.5]
		]
		},
		{
		  "nom": "Lozère",
		  "statistiques":[
			[34,22.7,7.8,28,8,15.3,36.7,25.1,43,10,22.7,43,50.9],
			[0.2,0.35,1,0.3,0.5,0.6,0.8,1, 0.9,0.25, 0.3,0.5]
		]
		},
		{
		  "nom": "Maine-et-Loire",
		  "statistiques":[
			[34,22.7,7.8,28,8,15.3,36.7,25.1,43,10,22.7,43,50.9],
			[0.2,0.35,1,0.3,0.5,0.6,0.8,1, 0.9,0.25, 0.3,0.5]
		]
		},
		{
		  "nom": "Manche",
		  "statistiques":[
			[34,22.7,7.8,28,8,15.3,36.7,25.1,43,10,22.7,43,50.9],
			[0.2,0.35,1,0.3,0.5,0.6,0.8,1, 0.9,0.25, 0.3,0.5]
		]
		},
		{
		  "nom": "Marne",
		  "statistiques":[
			[34,22.7,7.8,28,8,15.3,36.7,25.1,43,10,22.7,43,50.9],
			[0.2,0.35,1,0.3,0.5,0.6,0.8,1, 0.9,0.25, 0.3,0.5]
		]
		},
		{
		  "nom": "Haute-Marne",
		  "statistiques":[
			[34,22.7,7.8,28,8,15.3,36.7,25.1,43,10,22.7,43,50.9],
			[0.2,0.35,1,0.3,0.5,0.6,0.8,1, 0.9,0.25, 0.3,0.5]
		]
		},
		{
		  "nom": "Mayenne",
		  "statistiques":[
			[34,22.7,7.8,28,8,15.3,36.7,25.1,43,10,22.7,43,50.9],
			[0.2,0.35,1,0.3,0.5,0.6,0.8,1, 0.9,0.25, 0.3,0.5]
		]
		},
		{
		  "nom": "Meurthe-et-Moselle",
		  "statistiques":[
			[34,22.7,7.8,28,8,15.3,36.7,25.1,43,10,22.7,43,50.9],
			[0.2,0.35,1,0.3,0.5,0.6,0.8,1, 0.9,0.25, 0.3,0.5]
		]
		},
		{
		  "nom": "Meuse",
		  "statistiques":[
			[34,22.7,7.8,28,8,15.3,36.7,25.1,43,10,22.7,43,50.9],
			[0.2,0.35,1,0.3,0.5,0.6,0.8,1, 0.9,0.25, 0.3,0.5]
		]
		},
		{
		  "nom": "Morbihan",
		  "statistiques":[
			[34,22.7,7.8,28,8,15.3,36.7,25.1,43,10,22.7,43,50.9],
			[0.2,0.35,1,0.3,0.5,0.6,0.8,1, 0.9,0.25, 0.3,0.5]
		]
		},
		{
		  "nom": "Moselle",
		  "statistiques":[
			[34,22.7,7.8,28,8,15.3,36.7,25.1,43,10,22.7,43,50.9],
			[0.2,0.35,1,0.3,0.5,0.6,0.8,1, 0.9,0.25, 0.3,0.5]
		]
		},
		{
		  "nom": "Nièvre",
		  "statistiques":[
			[34,22.7,7.8,28,8,15.3,36.7,25.1,43,10,22.7,43,50.9],
			[0.2,0.35,1,0.3,0.5,0.6,0.8,1, 0.9,0.25, 0.3,0.5]
		]
		},
		{
		  "nom": "Nord",
		  "statistiques":[
			[34,22.7,7.8,28,8,15.3,36.7,25.1,43,10,22.7,43,50.9],
			[0.2,0.35,1,0.3,0.5,0.6,0.8,1, 0.9,0.25, 0.3,0.5]
		]
		},
		{
		  "nom": "Oise",
		  "statistiques":[
			[34,22.7,7.8,28,8,15.3,36.7,25.1,43,10,22.7,43,50.9],
			[0.2,0.35,1,0.3,0.5,0.6,0.8,1, 0.9,0.25, 0.3,0.5]
		]
		},
		{
		  "nom": "Orne",
		  "statistiques":[
			[34,22.7,7.8,28,8,15.3,36.7,25.1,43,10,22.7,43,50.9],
			[0.2,0.35,1,0.3,0.5,0.6,0.8,1, 0.9,0.25, 0.3,0.5]
		]
		},
		{
		  "nom": "Pas-de-Calais",
		  "statistiques":[
			[34,22.7,7.8,28,8,15.3,36.7,25.1,43,10,22.7,43,50.9],
			[0.2,0.35,1,0.3,0.5,0.6,0.8,1, 0.9,0.25, 0.3,0.5]
		]
		},
		{
		  "nom": "Puy-de-Dôme",
		  "statistiques":[
			[34,22.7,7.8,28,8,15.3,36.7,25.1,43,10,22.7,43,50.9],
			[0.2,0.35,1,0.3,0.5,0.6,0.8,1, 0.9,0.25, 0.3,0.5]
		]
		},
		{
		  "nom": "Pyrénées-Atlantiques",
		  "statistiques":[
			[34,22.7,7.8,28,8,15.3,36.7,25.1,43,10,22.7,43,50.9],
			[0.2,0.35,1,0.3,0.5,0.6,0.8,1, 0.9,0.25, 0.3,0.5]
		]
		},
		{
		  "nom": "Hautes-Pyrénées",
		  "statistiques":[
			[34,22.7,7.8,28,8,15.3,36.7,25.1,43,10,22.7,43,50.9],
			[0.2,0.35,1,0.3,0.5,0.6,0.8,1, 0.9,0.25, 0.3,0.5]
		]
		},
		{
		  "nom": "Pyrénées-Orientales",
		  "statistiques":[
			[34,22.7,7.8,28,8,15.3,36.7,25.1,43,10,22.7,43,50.9],
			[0.2,0.35,1,0.3,0.5,0.6,0.8,1, 0.9,0.25, 0.3,0.5]
		]
		},
		{
		  "nom": "Bas-Rhin",
		  "statistiques":[
			[34,22.7,7.8,28,8,15.3,36.7,25.1,43,10,22.7,43,50.9],
			[0.2,0.35,1,0.3,0.5,0.6,0.8,1, 0.9,0.25, 0.3,0.5]
		]
		},
		{
		  "nom": "Haut-Rhin",
		  "statistiques":[
			[34,22.7,7.8,28,8,15.3,36.7,25.1,43,10,22.7,43,50.9],
			[0.2,0.35,1,0.3,0.5,0.6,0.8,1, 0.9,0.25, 0.3,0.5]
		]
		},
		{
		  "nom": "Rhône",
		  "statistiques":[
			[34,22.7,7.8,28,8,15.3,36.7,25.1,43,10,22.7,43,50.9],
			[0.2,0.35,1,0.3,0.5,0.6,0.8,1, 0.9,0.25, 0.3,0.5]
		]
		},
		{
		  "nom": "Haute-Saône",
		  "statistiques":[
			[34,22.7,7.8,28,8,15.3,36.7,25.1,43,10,22.7,43,50.9],
			[0.2,0.35,1,0.3,0.5,0.6,0.8,1, 0.9,0.25, 0.3,0.5]
		]
		},
		{
		  "nom": "Saône-et-Loire",
		  "statistiques":[
			[34,22.7,7.8,28,8,15.3,36.7,25.1,43,10,22.7,43,50.9],
			[0.2,0.35,1,0.3,0.5,0.6,0.8,1, 0.9,0.25, 0.3,0.5]
		]
		},
		{
		  "nom": "Sarthe",
		  "statistiques":[
			[34,22.7,7.8,28,8,15.3,36.7,25.1,43,10,22.7,43,50.9],
			[0.2,0.35,1,0.3,0.5,0.6,0.8,1, 0.9,0.25, 0.3,0.5]
		]
		},
		{
		  "nom": "Savoie",
		  "statistiques":[
			[34,22.7,7.8,28,8,15.3,36.7,25.1,43,10,22.7,43,50.9],
			[0.2,0.35,1,0.3,0.5,0.6,0.8,1, 0.9,0.25, 0.3,0.5]
		]
		},
		{
		  "nom": "Haute-Savoie",
		  "statistiques":[
			[34,22.7,7.8,28,8,15.3,36.7,25.1,43,10,22.7,43,50.9],
			[0.2,0.35,1,0.3,0.5,0.6,0.8,1, 0.9,0.25, 0.3,0.5]
		]
		},
		{
		  "nom": "Paris",
		  "statistiques":[
			[34,22.7,7.8,28,8,15.3,36.7,25.1,43,10,22.7,43,50.9],
			[0.2,0.35,1,0.3,0.5,0.6,0.8,1, 0.9,0.25, 0.3,0.5]
		]
		},
		{
		  "nom": "Seine-Maritime",
		  "statistiques":[
			[34,22.7,7.8,28,8,15.3,36.7,25.1,43,10,22.7,43,50.9],
			[0.2,0.35,1,0.3,0.5,0.6,0.8,1, 0.9,0.25, 0.3,0.5]
		]
		},
		{
		  "nom": "Seine-et-Marne",
		  "statistiques":[
			[34,22.7,7.8,28,8,15.3,36.7,25.1,43,10,22.7,43,50.9],
			[0.2,0.35,1,0.3,0.5,0.6,0.8,1, 0.9,0.25, 0.3,0.5]
		]
		},
		{
		  "nom": "Yvelines",
		  "statistiques":[
			[34,22.7,7.8,28,8,15.3,36.7,25.1,43,10,22.7,43,50.9],
			[0.2,0.35,1,0.3,0.5,0.6,0.8,1, 0.9,0.25, 0.3,0.5]
		]
		},
		{
		  "nom": "Deux-Sèvres",
		  "statistiques":[
			[34,22.7,7.8,28,8,15.3,36.7,25.1,43,10,22.7,43,50.9],
			[0.2,0.35,1,0.3,0.5,0.6,0.8,1, 0.9,0.25, 0.3,0.5]
		]
		},
		{
		  "nom": "Somme",
		  "statistiques":[
			[34,22.7,7.8,28,8,15.3,36.7,25.1,43,10,22.7,43,50.9],
			[0.2,0.35,1,0.3,0.5,0.6,0.8,1, 0.9,0.25, 0.3,0.5]
		]
		},
		{
		  "nom": "Tarn",
		  "statistiques":[
			[34,22.7,7.8,28,8,15.3,36.7,25.1,43,10,22.7,43,50.9],
			[0.2,0.35,1,0.3,0.5,0.6,0.8,1, 0.9,0.25, 0.3,0.5]
		]
		},
		{
		  "nom": "Tarn-et-Garonne",
		  "statistiques":[
			[34,22.7,7.8,28,8,15.3,36.7,25.1,43,10,22.7,43,50.9],
			[0.2,0.35,1,0.3,0.5,0.6,0.8,1, 0.9,0.25, 0.3,0.5]
		]
		},
		{
		  "nom": "Var",
		  "statistiques":[
			[34,22.7,7.8,28,8,15.3,36.7,25.1,43,10,22.7,43,50.9],
			[0.2,0.35,1,0.3,0.5,0.6,0.8,1, 0.9,0.25, 0.3,0.5]
		]
		},
		{
		  "nom": "Vaucluse",
		  "statistiques":[
			[34,22.7,7.8,28,8,15.3,36.7,25.1,43,10,22.7,43,50.9],
			[0.2,0.35,1,0.3,0.5,0.6,0.8,1, 0.9,0.25, 0.3,0.5]
		]
		},
		{
		  "nom": "Vendée",
		  "statistiques":[
			[34,22.7,7.8,28,8,15.3,36.7,25.1,43,10,22.7,43,50.9],
			[0.2,0.35,1,0.3,0.5,0.6,0.8,1, 0.9,0.25, 0.3,0.5]
		]
		},
		{
		  "nom": "Vienne",
		  "statistiques":[
			[34,22.7,7.8,28,8,15.3,36.7,25.1,43,10,22.7,43,50.9],
			[0.2,0.35,1,0.3,0.5,0.6,0.8,1, 0.9,0.25, 0.3,0.5]
		]
		},
		{
		  "nom": "Haute-Vienne",
		  "statistiques":[
			[34,22.7,7.8,28,8,15.3,36.7,25.1,43,10,22.7,43,50.9],
			[0.2,0.35,1,0.3,0.5,0.6,0.8,1, 0.9,0.25, 0.3,0.5]
		]
		},
		{
		  "nom": "Vosges",
		  "statistiques":[
			[34,22.7,7.8,28,8,15.3,36.7,25.1,43,10,22.7,43,50.9],
			[0.2,0.35,1,0.3,0.5,0.6,0.8,1, 0.9,0.25, 0.3,0.5]
		]
		},
		{
		  "nom": "Yonne",
		  "statistiques":[
			[34,22.7,7.8,28,8,15.3,36.7,25.1,43,10,22.7,43,50.9],
			[0.2,0.35,1,0.3,0.5,0.6,0.8,1, 0.9,0.25, 0.3,0.5]
		]
		},
		{
		  "nom": "Territoire de Belfort",
		  "statistiques":[
			[34,22.7,7.8,28,8,15.3,36.7,25.1,43,10,22.7,43,50.9],
			[0.2,0.35,1,0.3,0.5,0.6,0.8,1, 0.9,0.25, 0.3,0.5]
		]
		},
		{
		  "nom": "Essonne",
		  "statistiques":[
			[34,22.7,7.8,28,8,15.3,36.7,25.1,43,10,22.7,43,50.9],
			[0.2,0.35,1,0.3,0.5,0.6,0.8,1, 0.9,0.25, 0.3,0.5]
		]
		},
		{
		  "nom": "Hauts-de-Seine",
		  "statistiques":[
			[34,22.7,7.8,28,8,15.3,36.7,25.1,43,10,22.7,43,50.9],
			[0.2,0.35,1,0.3,0.5,0.6,0.8,1, 0.9,0.25, 0.3,0.5]
		]
		},
		{
		  "nom": "Seine-Saint-Denis",
		  "statistiques":[
			[34,22.7,7.8,28,8,15.3,36.7,25.1,43,10,22.7,43,50.9],
			[0.2,0.35,1,0.3,0.5,0.6,0.8,1, 0.9,0.25, 0.3,0.5]
		]
		},
		{
		  "nom": "Val-de-Marne",
		  "statistiques":[
			[34,22.7,7.8,28,8,15.3,36.7,25.1,43,10,22.7,43,50.9],
			[0.2,0.35,1,0.3,0.5,0.6,0.8,1, 0.9,0.25, 0.3,0.5]
		]
		},
		{
		  "nom": "Val-d'Oise",
		  "statistiques":[
			[34,22.7,7.8,28,8,15.3,36.7,25.1,43,10,22.7,43,50.9],
			[0.2,0.35,1,0.3,0.5,0.6,0.8,1, 0.9,0.25, 0.3,0.5]
		]
		},
		{
		  "nom": "Guadeloupe",
		  "statistiques":[
			[34,22.7,7.8,28,8,15.3,36.7,25.1,43,10,22.7,43,50.9],
			[0.2,0.35,1,0.3,0.5,0.6,0.8,1, 0.9,0.25, 0.3,0.5]
		]
		},
		{
		  "nom": "Martinique",
		  "statistiques":[
			[34,22.7,7.8,28,8,15.3,36.7,25.1,43,10,22.7,43,50.9],
			[0.2,0.35,1,0.3,0.5,0.6,0.8,1, 0.9,0.25, 0.3,0.5]
		]
		},
		{
		  "nom": "Guyane",
		  "statistiques":[
			[34,22.7,7.8,28,8,15.3,36.7,25.1,43,10,22.7,43,50.9],
			[0.2,0.35,1,0.3,0.5,0.6,0.8,1, 0.9,0.25, 0.3,0.5]
		]
		},
		{
		  "nom": "La Réunion",
		  "statistiques":[
			[34,22.7,7.8,28,8,15.3,36.7,25.1,43,10,22.7,43,50.9],
			[0.2,0.35,1,0.3,0.5,0.6,0.8,1, 0.9,0.25, 0.3,0.5]
		]
		},
		{
		  "nom": "Mayotte",
		  "statistiques":[
			[34,22.7,7.8,28,8,15.3,36.7,25.1,43,10,22.7,43,50.9],
			[0.2,0.35,1,0.3,0.5,0.6,0.8,1, 0.9,0.25, 0.3,0.5]
		]
		}
	  ]
	}
	
	,
	{"statistiques":
	[
		{
		"nom": "Nombre de décès par mois / Nombre de décès de l’année",
		"description": "Nombre de décès du mois rapporté au nombre de décès de l’année"
		}
	,
		{
		"nom": "Nombre de décès d'enfants <10 ans / Nombre de décès du département",
		"description": "Nombre de décès d’enfants de moins de dix ans rapporté au nombre de décès du département"
		}
	,
		{
		"nom": "Nombre de décès par accident de la route",
		"description": "Nombre de décès par accident de la route rapporté au nombre de décès de l'année"
		}
	,
		{
		"nom": "Nombre de décès par suicide",
		"description": "Nombre de décès par suicide rapporté au nombre de décès de l'année"
		}
	,
		{
		"nom": "Nombre de décès de personnes >70 ans",
		"description": "Nombre de décès de personnes >70 ans rapporté aux nombres de décès de l'année"
		}
	]
	}
]